"","dist_year","enroll_asian","enroll_black","enroll_hisp","enroll_white","enroll_other","enroll_female","enroll_male","do_asian","do_black","do_hisp","do_white","do_other","do_female","do_male","EnglishLearner","FreeReduced","Foster","ucCsu_asian","ucCsu_black","ucCsu_hisp","ucCsu_white","ucCsu_other","ucCsu_female","ucCsu_male","Expulsion_Asian","Expulsion_Black","Expulsion_White","Expulsion_Hispanic","Expulsions_Males","Expulsions_Females","Expulsion_Other","County","Male.Suspensions","Female.Suspensions","AsianSuspensions","BlackSuspensions","HispanicSuspensions","WhiteSuspensoins","OtherSuspensions","ucCsu_total","do_total","exp_tot","sus_tot","enroll_tot"
"1","10140_2014-15",14,463,1880,50,30,1131,1306,20,347,1165,27,22,726,855,1425,2840,55,0,2,36,1,0,23,16,"0","1","0",3,4,0,0,"Inyo",0,0,"0","0",0,"0",0,39,1581,4,0,2437
"2","10140_2015-16",10,318,1619,34,33,956,1058,4,298,1021,32,33,647,741,883,2736,33,0,14,45,0,0,32,27,"0","0","0",0,0,0,0,"Inyo",0,1,"0","0",1,"0",0,59,1388,0,1,2014
"3","10140_2016-17",8,311,1534,48,45,896,1050,3,219,852,35,27,509,627,1418,1350,33,0,13,47,0,0,41,19,"*","0","0",0,0,0,0,"Inyo",0,0,"*","0",0,"0",0,60,1136,0,0,1946
"4","10330_2013-14",40,309,1987,1228,217,1670,2111,5,63,369,90,27,204,350,1685,6693,73,2,1,16,34,8,39,22,"0","0","0",0,0,0,0,"Riverside",755,82,"5","199",464,"136",33,61,554,0,837,3781
"5","10330_2014-15",51,255,1858,1140,244,1606,1942,1,29,148,45,12,104,131,1540,5018,107,1,8,38,32,12,57,34,"0","0","0",0,0,0,0,"Riverside",551,87,"4","138",371,"97",28,91,235,0,638,3548
"6","10330_2015-16",48,300,2006,1124,223,1665,2036,3,111,454,106,49,294,429,1957,6852,126,3,5,25,31,13,53,24,"0","0","0",0,0,0,0,"Riverside",319,69,"1","62",215,"80",30,77,723,0,388,3701
"7","10330_2016-17",50,304,1983,1148,243,1692,2036,7,69,403,95,30,214,390,1888,7608,104,1,4,15,30,3,29,24,"0","1","1",0,2,0,0,"Riverside",579,159,"1","152",454,"99",32,53,604,2,738,3728
"8","62380_2016-17",17,43,357,36,19,247,225,3,6,40,7,1,23,34,704,1313,2,0,0,4,1,0,1,4,"0","0","0",0,0,0,0,"Fresno",10,0,"0","0",10,"0",0,5,57,0,10,472
"9","62430_2013-14",150,19,2487,183,33,1457,1415,2,0,20,1,0,9,14,2117,8614,14,14,1,108,11,5,96,43,"1","1","1",14,15,2,0,"Fresno",460,116,"12","6",525,"30",2,139,23,17,576,2872
"10","62430_2014-15",144,15,2526,177,34,1449,1447,1,0,15,1,0,9,8,1147,9834,32,11,3,107,13,3,83,54,"0","0","0",10,8,2,0,"Fresno",395,99,"7","2",459,"25",1,137,17,10,494,2896
"11","62430_2015-16",150,9,2605,165,29,1454,1504,0,0,18,0,1,10,9,2448,9889,35,23,1,129,15,4,110,62,"0","0","1",18,14,5,0,"Fresno",411,122,"12","12",485,"22",2,172,19,19,533,2958
"12","62430_2016-17",139,8,2623,149,23,1435,1507,0,0,12,0,0,5,7,1709,9832,25,24,0,125,14,3,108,58,"0","0","0",15,12,3,0,"Fresno",465,168,"16","11",556,"45",2,166,12,15,633,2942
"13","62810_2016-17",14,4,272,664,151,562,543,0,0,1,4,1,2,4,1373,2554,11,2,0,20,59,6,67,20,"0","*","5",1,6,1,1,"Humboldt",355,91,"0","*",85,"250",100,87,6,7,446,1105
"14","63040_2015-16",5,5,48,243,26,145,182,0,1,0,2,3,1,5,1466,5256,1,1,0,0,14,3,9,9,"*","0","0",0,0,0,0,"Humboldt",130,34,"*","1",9,"144",9,18,6,0,164,327
"15","64030_2014-15",9,8,181,403,89,342,348,0,0,5,6,1,8,4,1041,3443,10,0,0,8,30,5,27,16,"0","0","3",1,4,0,0,"Lake",80,31,"0","6",17,"69",18,43,12,4,111,690
"16","64030_2015-16",8,7,175,396,101,336,351,0,1,1,2,3,1,6,1817,3032,9,1,0,8,23,3,17,18,"0","0","4",0,6,0,2,"Lake",128,28,"0","4",31,"85",33,35,7,6,156,687
"17","64600_2013-14",23,140,696,594,82,771,764,1,20,77,40,13,63,88,1583,2555,10,0,0,1,0,0,1,0,"0","0","0",0,0,0,0,"Los Angeles",13,2,"0","0",3,"10",2,1,151,0,15,1535
"18","64790_2013-14",83,262,1704,691,135,1380,1495,1,1,9,1,2,4,10,2396,8025,24,9,11,69,46,13,75,73,"0","0","0",0,0,0,0,"Los Angeles",224,53,"4","44",172,"45",12,148,14,0,277,2875
"19","64790_2014-15",88,242,1707,674,146,1348,1509,1,3,10,3,0,5,12,1906,8268,63,15,12,93,74,13,127,80,"0","2","1",6,7,2,0,"Los Angeles",81,50,"2","29",81,"16",3,207,17,9,131,2857
"20","64790_2016-17",98,200,1635,577,146,1216,1440,0,2,7,4,1,4,10,3154,8020,27,15,12,113,63,15,130,88,"0","0","0",0,0,0,0,"Los Angeles",153,58,"4","39",117,"41",10,218,14,0,211,2656
"21","64840_2013-14",292,226,7287,967,485,4439,4818,0,1,35,1,3,16,24,5908,18696,114,11,5,216,25,15,154,118,"0","0","1",13,13,2,1,"Los Angeles",872,191,"11","55",824,"108",65,272,40,15,1063,9257
"22","64840_2014-15",279,234,7181,886,440,4342,4678,1,2,30,3,1,19,18,6748,21217,147,32,9,359,58,41,317,182,"0","1","0",10,10,1,0,"Los Angeles",592,159,"2","47",557,"98",47,499,37,11,751,9020
"23","64840_2015-16",273,215,7119,833,434,4211,4663,0,0,44,0,5,17,32,6538,19614,160,24,14,415,54,37,325,219,"0","0","0",0,0,0,0,"Los Angeles",540,186,"5","30",598,"74",19,544,49,0,726,8874
"24","64840_2016-17",298,228,6949,775,409,4148,4511,0,4,27,6,3,14,26,5961,19360,127,27,11,399,53,37,320,207,"0","0","0",2,1,1,0,"Los Angeles",491,177,"17","45",538,"52",16,527,40,2,668,8659
"25","64980_2013-14",339,405,1722,2712,318,2611,2885,3,6,21,14,1,16,29,6182,9448,11,47,24,182,347,37,309,328,"0","1","0",1,2,0,0,"Los Angeles",181,39,"4","36",81,"85",14,637,45,2,220,5496
"26","64980_2014-15",339,419,1711,2645,313,2615,2812,2,3,18,15,3,15,26,5682,10557,26,62,34,188,362,39,340,345,"0","2","0",1,3,1,1,"Los Angeles",214,62,"6","47",93,"114",16,685,41,4,276,5427
"27","64980_2015-16",326,417,1730,2593,414,2625,2855,3,8,32,11,4,26,32,5268,9531,26,50,44,158,327,46,334,291,"0","0","1",2,3,0,0,"Los Angeles",224,44,"8","54",90,"92",24,625,58,3,268,5480
"28","64980_2016-17",319,370,1664,2526,447,2604,2722,2,5,12,8,5,16,16,5699,10264,13,44,36,166,280,61,310,277,"0","0","1",0,1,0,0,"Los Angeles",221,70,"5","35",138,"96",17,587,32,1,291,5326
"29","65060_2013-14",3518,644,3359,3348,1594,6144,6319,9,5,12,14,5,20,25,8583,23455,72,423,34,168,330,143,614,484,"4","1","2",9,15,4,3,"Los Angeles",636,180,"98","110",265,"246",97,1098,45,19,816,12463
"30","65060_2014-15",3456,560,3406,3107,1703,6068,6164,3,1,13,6,4,13,14,9061,19762,86,454,45,204,268,164,655,480,"1","1","6",7,15,1,1,"Los Angeles",489,160,"88","76",237,"188",60,1135,27,16,649,12232
"31","65060_2015-16",3382,533,3475,2977,1762,5988,6141,11,5,21,16,2,13,42,8458,21420,105,444,36,215,318,161,641,533,"5","3","6",8,25,0,3,"Los Angeles",617,134,"82","107",302,"196",64,1174,55,25,751,12129
"32","65060_2016-17",3282,525,3580,2797,1795,5943,6036,7,2,14,2,2,14,13,8548,19460,80,426,45,239,266,219,703,492,"1","1","5",12,19,2,2,"Los Angeles",502,109,"58","67",249,"158",79,1195,27,21,611,11979
"33","66290_2014-15",6,7,352,325,9,353,346,0,0,1,1,1,1,2,1525,3178,2,1,1,28,31,2,44,19,"0","*","0",0,0,0,0,"Napa",64,14,"0","*",55,"23",0,63,3,0,78,699
"34","66290_2016-17",5,4,307,321,11,330,318,0,0,5,1,0,3,3,2298,2107,1,0,0,17,30,1,30,18,"0","*","0",0,0,0,0,"Napa",20,5,"0","*",14,"9",0,48,6,0,25,648
"35","66530_2014-15",206,19,376,1268,171,992,1048,0,0,0,0,0,0,0,2104,6024,11,12,2,22,62,8,56,50,"0","0","1",1,2,0,0,"Orange",242,37,"8","5",73,"174",19,106,0,2,279,2040
"36","66670_2013-14",860,105,22903,1173,369,12989,12421,4,1,360,9,3,159,218,24181,48581,147,133,13,1360,161,27,1023,671,"0","0","1",58,54,5,0,"Orange",3216,992,"19","20",4090,"43",36,1694,377,59,4208,25410
"37","66670_2014-15",820,96,22784,1151,372,12924,12299,3,1,240,3,0,98,149,25379,57111,262,121,11,1393,179,61,1114,651,"1","0","0",34,29,6,0,"Orange",2517,824,"18","22",3251,"37",13,1765,247,35,3341,25223
"38","66670_2015-16",836,86,22600,1153,439,12959,12155,2,1,144,7,0,62,92,22749,59329,219,102,9,1439,188,39,1085,692,"0","1","0",26,22,5,0,"Orange",2055,662,"5","16",2650,"27",19,1777,154,27,2717,25114
"39","66670_2016-17",892,75,22422,1144,455,12874,12114,6,2,200,2,2,84,128,21023,56503,226,128,8,1460,165,45,1112,694,"0","1","1",27,25,5,1,"Orange",2097,646,"20","15",2654,"30",24,1806,212,30,2743,24988
"40","67090_2013-14",91,208,7399,1085,135,4391,4527,3,3,149,23,5,83,100,6892,20028,122,11,6,276,53,8,212,142,"1","3","5",43,35,17,0,"Riverside",1075,317,"7","72",1103,"178",32,354,183,52,1392,8918
"41","67090_2014-15",86,194,7504,970,116,4365,4505,1,3,77,2,1,30,54,5883,20560,155,8,6,306,47,6,228,145,"0","1","6",31,30,8,0,"Riverside",827,240,"0","54",851,"138",24,373,84,38,1067,8870
"42","67090_2015-16",90,193,7512,935,135,4375,4490,1,1,75,14,0,32,59,6709,20813,154,9,9,327,60,8,264,149,"2","2","3",37,39,8,3,"Riverside",820,210,"7","45",836,"111",31,413,91,47,1030,8865
"43","67090_2016-17",89,194,7580,861,155,4367,4512,0,4,64,10,2,32,48,6448,21319,112,8,14,399,56,8,290,195,"0","2","3",51,40,17,1,"Riverside",774,242,"6","50",828,"117",15,485,80,57,1016,8879
"44","67330_2013-14",896,649,1438,5123,554,4134,4526,2,15,11,26,9,27,36,9651,21531,34,96,21,79,376,29,319,282,"1","13","29",18,50,16,5,"Sacramento",1437,455,"23","570",413,"724",162,601,63,66,1892,8660
"45","67330_2014-15",997,633,1542,5139,590,4261,4640,0,9,14,29,5,15,42,8068,25011,55,100,22,53,400,35,310,300,"1","10","19",12,30,14,2,"Sacramento",1305,441,"48","547",357,"657",137,610,57,44,1746,8901
"46","67330_2015-16",1106,587,1667,5161,650,4458,4713,0,11,13,31,3,21,37,8439,24043,59,113,24,67,382,52,343,295,"0","9","11",5,19,12,6,"Sacramento",1418,508,"36","531",433,"713",213,638,58,31,1926,9171
"47","67330_2016-17",1217,571,1754,5198,749,4691,4798,1,5,9,13,3,12,19,7788,21071,87,116,21,76,443,60,381,335,"0","12","9",8,24,8,3,"Sacramento",1209,367,"33","369",397,"594",183,716,31,32,1576,9489
"48","67710_2013-14",209,1324,15692,929,451,8901,9704,2,21,222,12,2,116,143,12487,35112,294,20,62,738,62,30,531,381,"0","2","0",7,7,2,0,"San Bernardino",4888,1773,"24","1011",5188,"337",101,912,259,9,6661,18605
"49","67710_2014-15",210,1226,15667,877,463,8810,9633,1,20,233,20,1,95,180,11049,39619,322,17,56,846,50,53,568,454,"0","4","0",14,16,2,0,"San Bernardino",3542,1290,"15","788",3707,"252",70,1022,275,18,4832,18443
"50","67710_2015-16",224,1170,15434,822,420,8672,9398,0,13,171,13,1,58,140,10959,44276,338,20,62,944,47,43,665,451,"0","4","2",13,16,3,0,"San Bernardino",1916,558,"11","482",1789,"133",59,1116,198,19,2474,18070
"51","67710_2016-17",200,1100,15336,762,425,8596,9227,1,6,176,9,2,63,131,10696,44440,337,25,67,1033,52,47,725,499,"1","1","1",31,28,6,0,"San Bernardino",2212,677,"10","376",2235,"188",80,1224,194,34,2889,17823
"52","67850_2013-14",125,1589,9742,579,268,6040,6263,2,42,206,20,6,107,169,6963,23159,258,11,35,278,27,7,219,139,"0","9","3",35,44,5,2,"San Bernardino",3693,1334,"14","1381",3282,"234",116,358,276,49,5027,12303
"53","67850_2014-15",128,1484,9875,515,256,6055,6203,1,36,191,14,4,106,140,6803,26041,291,22,67,508,26,12,396,239,"0","0","0",0,0,0,0,"San Bernardino",2169,694,"4","780",1835,"160",84,635,246,0,2863,12258
"54","67850_2015-16",107,1356,9823,474,251,5950,6061,1,29,118,12,3,64,99,6863,29107,261,6,64,506,30,14,383,237,"0","7","1",24,27,5,0,"San Bernardino",2007,631,"2","615",1841,"107",73,620,163,32,2638,12011
"55","67850_2016-17",113,1234,9827,436,250,5832,6028,1,32,115,6,5,69,90,7035,25701,262,17,68,509,22,14,367,263,"0","0","0",2,2,0,0,"San Bernardino",2192,838,"12","650",2124,"151",93,630,159,2,3030,11860
"56","68130_2013-14",370,1622,7842,10425,2296,10865,11690,3,33,134,207,46,169,254,4858,11048,91,46,159,631,1162,216,1230,984,"1","20","39",57,112,15,10,"San Diego",1037,322,"7","237",456,"533",126,2214,423,127,1359,22555
"57","68130_2014-15",389,1623,7889,10067,2252,10745,11475,4,27,116,91,31,93,176,4830,14429,98,60,125,526,837,223,1004,767,"2","11","37",24,69,10,5,"San Diego",1048,278,"7","248",420,"537",114,1771,269,79,1326,22220
"58","68130_2015-16",446,1580,8172,9498,2164,10516,11344,5,18,80,68,21,75,117,4986,16265,87,62,134,585,823,178,987,795,"2","17","35",33,78,18,9,"San Diego",999,255,"20","251",449,"410",124,1782,192,96,1254,21860
"59","68130_2016-17",479,1477,8403,9249,2101,10475,11234,6,28,169,115,21,115,224,5536,16618,76,61,135,729,1003,242,1243,927,"1","17","35",48,88,25,12,"San Diego",1106,317,"20","230",527,"531",115,2170,339,113,1423,21709
"60","68650_2013-14",45,50,545,967,107,833,881,0,1,14,12,1,13,15,4349,3595,12,3,2,24,49,5,48,35,"0","1","1",3,5,0,0,"San Joaquin",356,97,"1","12",218,"210",12,83,28,5,453,1714
"61","68650_2014-15",51,61,583,1005,147,960,887,3,2,8,11,6,14,16,3248,4514,7,3,3,18,39,6,36,33,"0","1","0",1,2,0,0,"San Joaquin",178,51,"3","5",95,"116",10,69,30,2,229,1847
"62","68700_2014-15",33,38,573,1445,101,1041,1149,0,1,1,4,0,1,5,4610,7603,32,2,2,19,117,10,80,70,"0","0","1",2,2,1,0,"San Luis Obispo",167,51,"0","10",72,"125",11,150,6,3,218,2190
"63","68700_2015-16",35,40,620,1429,104,1086,1142,0,0,4,6,1,5,6,4158,7638,38,5,1,20,114,5,77,68,"0","0","6",4,10,0,0,"San Luis Obispo",261,82,"0","12",131,"188",12,145,11,10,343,2228
"64","68700_2016-17",38,38,631,1402,104,1068,1145,0,2,9,5,1,8,9,4474,8590,48,5,0,28,84,0,67,50,"0","0","7",4,10,2,1,"San Luis Obispo",249,52,"2","13",102,"171",13,117,17,12,301,2213
"65","68890_2013-14",25,7,692,734,67,750,775,0,0,17,3,0,4,16,904,4239,8,3,1,29,73,7,61,52,"0","0","0",2,2,0,0,"San Mateo",142,50,"0","0",132,"53",2,113,20,2,192,1525
"66","68890_2015-16",29,9,759,705,80,756,826,0,1,7,4,0,3,9,688,4199,4,4,1,42,79,13,71,68,"0","0","0",0,0,0,0,"San Mateo",136,47,"4","1",127,"48",1,139,12,0,183,1582
"67","68890_2016-17",26,8,777,673,75,754,805,0,0,9,3,0,5,7,653,3776,4,4,1,40,84,7,80,56,"1","0","0",1,2,0,0,"San Mateo",76,31,"2","0",57,"46",2,136,12,2,107,1559
"68","69070_2013-14",434,91,1982,324,1604,2126,2309,2,1,17,4,3,10,17,3442,8470,19,50,4,76,21,124,158,117,"0","0","0",17,24,0,7,"San Mateo",678,130,"16","67",539,"56",130,275,27,24,808,4435
"69","69070_2014-15",407,76,1945,324,1523,2042,2233,0,0,9,0,7,2,14,4681,9594,39,43,4,86,20,136,158,131,"0","1","1",25,24,8,5,"San Mateo",606,213,"19","38",533,"59",170,289,16,32,819,4275
"70","69070_2015-16",401,58,1930,297,1502,2035,2153,2,3,20,1,7,16,17,4464,9826,27,0,0,0,0,0,0,0,"0","0","0",5,5,2,2,"San Mateo",504,233,"20","27",501,"48",141,0,33,7,737,4188
"71","69070_2016-17",439,66,1923,285,1459,2043,2129,2,0,18,3,2,10,15,4284,10384,26,22,0,53,5,59,75,64,"0","0","0",10,7,6,3,"San Mateo",697,351,"24","75",698,"71",180,139,25,13,1048,4172
"72","69260_2013-14",57,33,637,852,92,814,857,0,0,0,0,0,0,0,2388,4850,26,0,1,22,41,4,30,38,"0","0","0",0,0,0,0,"Santa Barbara",187,43,"4","17",99,"95",15,68,0,0,230,1671
"73","69260_2014-15",58,22,647,842,114,817,866,0,0,1,0,0,1,0,2315,4684,35,2,0,4,15,3,13,11,"0","0","0",4,4,0,0,"Santa Barbara",152,20,"2","7",69,"77",17,24,1,4,172,1683
"74","69260_2016-17",47,14,700,827,140,875,853,0,0,0,1,0,0,1,2426,4403,20,1,0,4,13,0,8,10,"0","0","0",0,0,0,0,"Santa Barbara",195,40,"0","3",110,"110",12,18,1,0,235,1728
"75","69310_2013-14",66,80,6306,915,353,3701,4019,0,3,215,16,7,96,145,1483,1800,57,10,2,286,73,49,252,168,"0","1","1",4,6,0,0,"Santa Barbara",822,220,"5","29",902,"92",14,420,241,6,1042,7720
"76","69310_2014-15",72,101,6411,878,320,3745,4037,0,1,114,11,3,49,80,1474,4937,52,9,5,296,88,33,259,172,"0","0","0",12,8,4,0,"Santa Barbara",711,193,"3","34",760,"84",23,431,129,12,904,7782
"77","69310_2015-16",78,95,6590,830,307,3844,4056,0,0,91,11,2,36,68,1696,4189,42,11,3,333,60,34,268,173,"0","0","0",9,9,0,0,"Santa Barbara",396,142,"2","15",449,"58",14,441,104,9,538,7900
"78","69310_2016-17",70,80,6599,780,329,3825,4033,1,5,140,8,4,53,105,1601,4270,33,6,3,267,52,32,220,140,"0","0","0",1,1,0,0,"Santa Barbara",412,155,"0","9",493,"45",20,360,158,1,567,7858
"79","70540_2013-14",478,1776,3486,1747,2197,4712,4972,2,23,33,24,20,38,64,8907,22180,128,39,47,116,90,153,270,175,"0","28","6",29,55,12,4,"Solano",3190,1177,"56","1738",1396,"701",474,445,102,67,4367,9684
"80","70540_2014-15",514,1721,3540,1715,2062,4650,4902,1,20,36,22,17,41,55,7955,24931,166,39,43,94,76,138,250,140,"0","18","3",23,35,12,3,"Solano",2637,985,"62","1330",1343,"505",382,390,96,47,3622,9552
"81","70540_2015-16",550,1711,3693,1751,1937,4697,4945,3,36,61,26,30,47,109,7618,20840,184,51,54,124,102,161,287,205,"1","19","4",17,32,15,6,"Solano",2209,1082,"32","1304",1156,"448",351,492,156,47,3291,9642
"82","70540_2016-17",544,1690,3834,1694,1855,4649,4968,3,21,60,15,8,42,65,6775,23016,129,46,61,143,102,134,288,198,"0","11","3",15,21,10,2,"Solano",1902,804,"22","1082",1000,"355",247,486,107,31,2706,9617
"83","70730_2014-15",9,8,89,184,10,158,142,0,0,1,1,0,1,1,488,2071,2,0,0,1,5,0,5,1,"0","0","0",0,0,0,0,"Sonoma",4,2,"0","0",0,"6",0,6,2,0,6,300
"84","70730_2015-16",10,7,94,177,29,190,127,0,0,0,0,1,0,1,378,1954,0,0,0,1,1,0,2,0,"0","0","0",0,0,0,0,"Sonoma",3,0,"0","0",0,"3",0,2,1,0,3,317
"85","70920_2013-14",574,291,4885,4448,850,5476,5572,6,9,152,73,21,111,150,2596,12612,55,58,8,110,334,35,305,240,"1","1","0",1,3,0,0,"Sonoma",1101,503,"16","63",1012,"358",155,545,261,3,1604,11048
"86","70920_2014-15",573,267,5018,4383,865,5544,5562,1,10,142,69,24,101,145,3479,13433,90,36,11,117,308,30,297,205,"0","0","1",9,10,1,1,"Sonoma",1259,473,"18","67",1079,"380",188,502,246,11,1732,11106
"87","70920_2015-16",596,236,5181,4227,916,5537,5619,5,9,114,71,29,99,129,2836,10948,99,45,6,139,267,36,264,229,"0","0","3",10,12,3,2,"Sonoma",1195,527,"21","43",1085,"391",182,493,228,15,1722,11156
"88","70920_2016-17",615,249,5347,4008,904,5540,5583,3,9,126,47,24,82,127,3895,8824,77,60,9,117,265,41,301,191,"1","2","6",12,21,5,5,"Sonoma",1144,465,"21","74",937,"407",170,492,209,26,1609,11123
"89","71860_2014-15",12,2,1629,32,72,887,860,0,0,22,0,0,8,14,2205,8092,10,1,0,76,2,6,56,29,"0","*","0",3,3,0,0,"Tulare",528,107,"14","*",596,"18",5,85,22,3,635,1747
"90","72140_2015-16",6,8,404,118,16,276,276,0,2,69,20,5,43,53,1225,1154,6,0,0,0,0,0,0,0,"0","0","0",0,0,0,0,"Tulare",0,0,"0","0",0,"0",0,0,96,0,0,552
"91","72470_2014-15",10,16,134,201,12,186,187,0,0,0,0,0,0,0,143,986,1,0,0,0,0,0,0,0,"0","0","0",0,0,0,0,"Ventura",9,2,"0","0",9,"2",0,0,0,0,11,373
"92","72520_2013-14",34,15,470,781,37,662,675,0,0,2,7,0,4,5,3525,5501,7,4,0,19,50,4,35,42,"0","0","0",0,0,0,0,"Ventura",98,28,"1","0",35,"81",9,77,9,0,126,1337
"93","72520_2015-16",21,14,417,780,44,632,644,0,0,2,8,1,5,6,3179,4797,11,0,0,0,0,0,0,0,"0","0","0",0,0,0,0,"Ventura",54,26,"0","0",10,"68",2,0,11,0,80,1276
"94","72710_2013-14",226,48,2869,1182,115,2180,2260,3,0,53,17,2,28,47,3754,13686,30,27,4,159,102,5,178,119,"0","0","0",2,1,1,0,"Yolo",1150,285,"22","22",1015,"319",57,297,75,2,1435,4440
"95","72710_2014-15",226,47,2940,1141,126,2187,2293,2,1,31,13,1,13,35,4702,13636,54,21,1,157,85,4,153,115,"0","0","0",0,0,0,0,"Yolo",1786,570,"42","80",1738,"384",112,268,48,0,2356,4480
"96","72710_2015-16",215,60,2990,1088,144,2205,2292,1,3,25,13,0,16,26,4095,13006,58,17,0,133,85,10,136,109,"0","0","0",4,3,1,0,"Yolo",1155,354,"10","39",1161,"265",34,245,42,4,1509,4497
"97","72710_2016-17",222,63,3006,1033,164,2247,2241,2,1,24,10,1,13,25,3575,13003,56,17,5,160,94,11,184,103,"0","0","0",8,7,1,0,"Yolo",1029,322,"23","54",959,"278",37,287,38,8,1351,4488
"98","73460_2013-14",4958,238,1790,813,624,4083,4340,15,2,2,1,0,4,16,6836,10348,30,704,16,129,58,74,512,469,"0","0","0",0,0,0,0,"Los Angeles",336,56,"113","52",164,"42",21,981,20,0,392,8423
"99","73460_2014-15",4933,214,1785,801,640,4029,4344,14,1,6,2,2,10,15,4368,9981,34,662,15,138,65,64,497,447,"0","0","0",0,0,0,0,"Los Angeles",233,54,"82","29",138,"24",14,944,25,0,287,8373
"100","73460_2015-16",4783,210,1766,752,648,3922,4237,10,0,3,0,2,3,12,3796,11758,47,657,22,112,86,66,467,476,"0","0","0",0,0,0,0,"Los Angeles",197,52,"62","26",110,"34",17,943,15,0,249,8159
"101","73460_2016-17",4650,191,1811,697,692,3882,4159,5,0,6,2,0,2,11,3804,9365,30,659,10,133,78,72,523,429,"0","0","0",1,1,0,0,"Los Angeles",200,31,"47","24",106,"27",27,952,13,1,231,8041
"102","73650_2013-14",6050,322,1385,4828,1097,6560,7122,15,0,15,30,3,26,37,9539,25678,19,639,18,76,442,91,662,604,"2","2","6",3,11,3,1,"Orange",431,151,"98","68",137,"236",43,1266,63,14,582,13682
"103","73650_2014-15",6439,328,1417,4905,1146,6802,7433,15,4,8,25,4,22,34,8696,27120,33,825,20,87,495,131,785,773,"1","0","5",4,8,2,0,"Orange",539,111,"116","72",163,"228",71,1558,56,10,650,14235
"104","73650_2015-16",6756,327,1441,4946,1184,6970,7684,10,1,12,20,4,21,26,8154,26016,28,797,20,92,474,106,759,730,"1","0","3",2,3,4,1,"Orange",470,83,"128","38",124,"202",61,1489,47,7,553,14654
"105","73650_2016-17",7090,350,1488,4960,1326,7299,7915,17,5,8,20,6,17,39,7108,26881,25,806,14,79,530,121,823,727,"0","0","0",0,0,0,0,"Orange",685,127,"150","89",184,"302",87,1550,56,0,812,15214
"106","73890_2013-14",10,105,238,372,87,368,444,0,1,5,2,2,5,5,1327,4405,1,0,0,0,0,0,0,0,"0","2","1",3,8,0,2,"San Bernardino",149,40,"0","39",57,"81",12,0,10,8,189,812
"107","73890_2014-15",12,103,227,322,89,368,385,0,0,1,1,0,1,1,2043,5272,6,1,5,7,6,4,17,6,"0","0","0",1,1,0,0,"San Bernardino",82,17,"1","18",24,"41",15,23,2,1,99,753
"108","73890_2015-16",16,103,220,299,72,338,372,0,0,1,1,1,1,2,906,4497,5,1,4,6,4,2,9,8,"0","1","0",0,1,0,0,"San Bernardino",58,11,"0","15",19,"26",9,17,3,1,69,710
"109","73890_2016-17",10,107,230,285,105,354,383,0,1,1,1,0,1,2,1550,5451,12,1,2,9,12,2,14,12,"0","1","0",0,1,0,0,"San Bernardino",81,20,"0","20",33,"36",12,26,3,1,101,737
"110","73940_2013-14",193,57,1303,1657,140,1639,1711,0,2,29,21,0,21,31,601,6819,9,17,3,62,199,20,159,142,"0","0","0",0,0,0,0,"Ventura",432,75,"10","11",326,"153",7,301,52,0,507,3350
"111","73940_2014-15",185,57,1329,1523,158,1603,1649,0,0,11,10,1,5,17,1405,6639,17,27,1,49,151,20,141,107,"0","0","0",0,0,0,0,"Ventura",283,60,"6","1",235,"95",6,248,22,0,343,3252
"112","73940_2015-16",185,61,1350,1485,158,1606,1633,1,0,9,6,0,3,13,1054,6266,15,29,2,70,189,22,170,142,"0","0","0",0,0,0,0,"Ventura",192,37,"0","8",150,"51",19,312,16,0,229,3239
"113","73940_2016-17",174,58,1339,1385,170,1579,1547,1,0,13,6,2,4,18,1360,6909,15,24,8,73,168,20,172,121,"0","0","0",0,0,0,0,"Ventura",163,37,"0","4",127,"51",18,293,22,0,200,3126
"114","75200_2013-14",533,768,3872,5593,1242,5864,6144,5,4,35,34,5,29,54,7083,14980,59,57,51,268,480,130,547,439,"0","3","9",5,18,2,3,"Riverside",475,124,"8","79",204,"257",51,986,83,20,599,12008
"115","75200_2014-15",601,707,3914,5498,1243,5842,6121,0,8,12,31,8,28,31,8135,14020,104,95,63,268,474,107,573,434,"0","1","2",2,4,1,0,"Riverside",363,103,"7","45",167,"210",37,1007,59,5,466,11963
"116","75200_2015-16",608,693,4006,5487,1270,5893,6171,3,3,19,27,3,21,34,7786,14625,93,74,67,294,535,125,622,473,"0","1","4",4,8,1,0,"Riverside",459,125,"16","62",195,"239",72,1095,55,9,584,12064
"117","75200_2016-17",645,684,4129,5342,1360,5925,6235,0,2,5,7,0,8,6,8044,13796,110,74,57,336,533,139,642,497,"0","0","3",1,4,0,0,"Riverside",347,84,"5","49",136,"191",50,1139,14,4,431,12160
"118","75440_2013-14",12,6,2044,58,41,1038,1123,1,1,36,1,1,17,23,1834,6707,8,1,0,58,3,4,39,27,"0","0","0",1,1,0,0,"Monterey",228,49,"1","6",261,"4",2,66,40,1,277,2161
"119","75440_2015-16",15,13,2057,54,38,1037,1140,0,0,21,0,1,10,12,1637,6388,24,0,0,89,3,4,58,38,"0","0","0",0,0,0,0,"Monterey",229,75,"1","4",296,"3",0,96,22,0,304,2177
"120","75580_2013-14",16,13,350,556,25,432,528,0,1,5,4,0,5,5,1948,4897,37,2,0,19,38,0,33,26,"0","0","1",0,1,0,0,"Madera",135,45,"9","19",72,"75",5,59,10,1,180,960
"121","75580_2015-16",20,15,329,543,26,428,505,0,1,4,1,0,3,3,2181,4968,36,1,1,16,33,0,34,17,"0","0","1",2,3,1,1,"Madera",161,45,"3","7",94,"90",12,51,6,4,206,933
"122","75580_2016-17",22,16,357,502,31,430,498,0,1,4,0,0,2,3,2094,5040,37,0,0,18,36,0,29,25,"0","0","0",0,0,0,0,"Madera",153,47,"1","11",111,"72",5,54,5,0,200,928
"123","76760_2015-16",356,133,287,387,333,737,759,3,1,2,2,2,7,3,3116,3751,9,1,1,2,4,4,5,7,"1","0","0",0,1,0,0,"San Joaquin",149,38,"20","53",35,"64",15,12,10,1,187,1496
"124","76760_2016-17",492,141,322,402,398,879,876,0,0,0,1,0,0,1,2495,4334,15,29,10,14,14,28,49,46,"1","2","2",1,4,2,0,"San Joaquin",213,46,"41","58",56,"58",46,95,1,6,259,1755
"125","76950_2016-17",3,3,140,100,17,147,116,0,1,7,6,4,7,11,341,429,1,1,0,0,5,0,4,2,"*","*","0",0,0,0,0,"Santa Barbara",0,0,"*","*",0,"0",0,6,18,0,0,263
